{"cameraMode":{"drawMode":0,"name":"Shaded","section":"Shading Mode"},"sceneLighting":false,"audioPlay":false,"sceneViewState":{"m_AlwaysRefresh":false,"showFog":true,"showSkybox":true,"showFlares":true,"showImageEffects":true,"showParticleSystems":true,"showVisualEffectGraphs":true,"m_FxEnabled":true},"in2DMode":false,"pivot":{"x":7.483072280883789,"y":6.544427871704102,"z":-24.290847778320314},"rotation":{"x":-0.004843441303819418,"y":0.9879998564720154,"z":0.0317283496260643,"w":0.15113632380962373},"size":0.8660253882408142,"orthographic":false}