{"cameraMode":{"drawMode":0,"name":"Shaded","section":"Shading Mode"},"sceneLighting":false,"audioPlay":false,"sceneViewState":{"m_AlwaysRefresh":false,"showFog":true,"showSkybox":false,"showFlares":true,"showImageEffects":true,"showParticleSystems":true,"showVisualEffectGraphs":true,"m_FxEnabled":true},"in2DMode":false,"pivot":{"x":1.1330957412719727,"y":6.885234832763672,"z":-35.400917053222659},"rotation":{"x":0.005900923162698746,"y":0.9781159162521362,"z":-0.2061881422996521,"w":0.02839859016239643},"size":1.6111485958099366,"orthographic":false}